body,title
El megaoproyecto de vivienda en Sabaneta que lleva tres años en líos,
El megaoproyecto de vivienda en Sabaneta que lleva tres años en líos,
El megaoproyecto de vivienda en Sabaneta que lleva tres años en líos,
El megaoproyecto de vivienda en Sabaneta que lleva tres años en líos,
El megaoproyecto de vivienda en Sabaneta que lleva tres años en líos,
El megaoproyecto de vivienda en Sabaneta que lleva tres años en líos,
El megaoproyecto de vivienda en Sabaneta que lleva tres años en líos,
El megaoproyecto de vivienda en Sabaneta que lleva tres años en líos,
El megaoproyecto de vivienda en Sabaneta que lleva tres años en líos,
El megaoproyecto de vivienda en Sabaneta que lleva tres años en líos,
El megaoproyecto de vivienda en Sabaneta que lleva tres años en líos,
El megaoproyecto de vivienda en Sabaneta que lleva tres años en líos,
El megaoproyecto de vivienda en Sabaneta que lleva tres años en líos,
El megaoproyecto de vivienda en Sabaneta que lleva tres años en líos,
El megaoproyecto de vivienda en Sabaneta que lleva tres años en líos,
El megaoproyecto de vivienda en Sabaneta que lleva tres años en líos,
El megaoproyecto de vivienda en Sabaneta que lleva tres años en líos,
El megaoproyecto de vivienda en Sabaneta que lleva tres años en líos,
El megaoproyecto de vivienda en Sabaneta que lleva tres años en líos,
